{
  "cssTheme": "AnuPpuccin",
  "theme": "moonstone",
  "enabledCssSnippets": [
    "dashboarPlusPlus",
    "imageGallery",
    "MCL - Gallery Cards",
    "MCL - Multi Column",
    "MCL - Wide Views",
    "MCL Wide Views",
    "Nick Milo - Tighter Bottom Properties Margin for Border",
    "Nick Milo - Anuppuchin - Soft Paper",
    "Nick Milo - Anuppuchin - Soft Folders",
    "Nick Milo - Aligned Callout Header Titles",
    "hidePropertiesBase",
    "Nick Milo - Custom Callouts - Pro",
    "Nick Milo - Prism"
  ],
  "baseFontSize": 15,
  "baseFontSizeAction": true
}