{
  "cssTheme": "AnuPpuccin",
  "theme": "moonstone",
  "enabledCssSnippets": [
    "dashboarPlusPlus",
    "imageGallery",
    "MCL - Gallery Cards",
    "MCL - Multi Column",
    "Nick Milo - Tighter Bottom Properties Margin for Border",
    "Nick Milo - Anuppuchin - Soft Paper",
    "Nick Milo - Anuppuchin - Soft Folders",
    "Nick Milo - Aligned Callout Header Titles",
    "Nick Milo - Custom Callouts - Pro",
    "Nick Milo - Prism",
    "MCL - Wide Views",
    "MCL Wide Views"
  ],
  "baseFontSize": 16,
  "baseFontSizeAction": true
}