{
  "items": [
    {
      "type": "group",
      "ctime": 1755663272814,
      "items": [
        {
          "type": "file",
          "ctime": 1755663266556,
          "path": "SISTEMA/SOBRE/Boas Vindas 🎉.md"
        },
        {
          "type": "file",
          "ctime": 1755663266556,
          "path": "SISTEMA/SOBRE/Guias Práticos ❓.md"
        },
        {
          "type": "file",
          "ctime": 1755663266556,
          "path": "SISTEMA/SOBRE/Templates.md"
        }
      ],
      "title": "Boas Vindas"
    },
    {
      "type": "folder",
      "ctime": 1757690828803,
      "path": "SISTEMA"
    },
    {
      "type": "folder",
      "ctime": 1757690839031,
      "path": "SISTEMA/TEMPLATES"
    }
  ]
}