{
  "items": [
    {
      "type": "group",
      "ctime": 1755663272814,
      "items": [
        {
          "type": "file",
          "ctime": 1755663266556,
          "path": "+/Boas Vindas 🎉.md"
        },
        {
          "type": "file",
          "ctime": 1755663266556,
          "path": "+/Guias Práticos ❓.md"
        },
        {
          "type": "file",
          "ctime": 1755663266556,
          "path": "Sistema/Controle/Templates.md"
        }
      ],
      "title": "Boas Vindas"
    },
    {
      "type": "folder",
      "ctime": 1757690828803,
      "path": "Sistema"
    },
    {
      "type": "folder",
      "ctime": 1757690839031,
      "path": "Sistema/Templates"
    }
  ]
}