{
  "main": {
    "id": "bbfd664c49715762",
    "type": "split",
    "children": [
      {
        "id": "c9c6e591aed0dda5",
        "type": "tabs",
        "children": [
          {
            "id": "00b04ee400e048e9",
            "type": "leaf",
            "pinned": true,
            "state": {
              "type": "markdown",
              "state": {
                "file": "SISTEMA/SOBRE/Boas Vindas 🎉.md",
                "mode": "preview",
                "source": false,
                "backlinks": true,
                "backlinkOpts": {
                  "collapseAll": true,
                  "extraContext": false,
                  "sortOrder": "alphabetical",
                  "showSearch": false,
                  "searchQuery": "",
                  "backlinkCollapsed": false,
                  "unlinkedCollapsed": true
                }
              },
              "pinned": true,
              "icon": "lucide-file",
              "title": "Boas Vindas 🎉"
            }
          }
        ]
      }
    ],
    "direction": "vertical"
  },
  "left": {
    "id": "ecce28e30e96abad",
    "type": "split",
    "children": [
      {
        "id": "21a624ab639c142e",
        "type": "tabs",
        "children": [
          {
            "id": "26bda3c9cb740625",
            "type": "leaf",
            "state": {
              "type": "file-explorer",
              "state": {
                "sortOrder": "alphabetical",
                "autoReveal": false
              },
              "icon": "lucide-folder-closed",
              "title": "Files"
            }
          },
          {
            "id": "3a0fadd679d2e600",
            "type": "leaf",
            "state": {
              "type": "recent-files",
              "state": {},
              "icon": "clock",
              "title": "Recent Files"
            }
          },
          {
            "id": "ab37be2ef210afce",
            "type": "leaf",
            "state": {
              "type": "bookmarks",
              "state": {},
              "icon": "lucide-bookmark",
              "title": "Marcadores"
            }
          },
          {
            "id": "4eeefb6de41c8abe",
            "type": "leaf",
            "state": {
              "type": "outline",
              "state": {
                "file": "SISTEMA/SOBRE/Guias Práticos ❓.md",
                "followCursor": false,
                "showSearch": false,
                "searchQuery": ""
              },
              "icon": "lucide-list",
              "title": "Sumário de Guias Práticos ❓"
            }
          },
          {
            "id": "89b309ba1cbbdf51",
            "type": "leaf",
            "state": {
              "type": "search",
              "state": {
                "query": "",
                "matchingCase": false,
                "explainSearch": false,
                "collapseAll": false,
                "extraContext": false,
                "sortOrder": "alphabetical"
              },
              "icon": "lucide-search",
              "title": "Procurar"
            }
          }
        ]
      }
    ],
    "direction": "horizontal",
    "width": 335
  },
  "right": {
    "id": "10862ba78f6a46ca",
    "type": "split",
    "children": [
      {
        "id": "c20f8c2c3963ddaf",
        "type": "tabs",
        "children": [
          {
            "id": "f873cb294b2c1c1b",
            "type": "leaf",
            "state": {
              "type": "file-properties",
              "state": {
                "file": "SISTEMA/SOBRE/Boas Vindas 🎉.md"
              },
              "icon": "lucide-info",
              "title": "File properties for Boas Vindas 🎉"
            }
          },
          {
            "id": "d5fcfb6006d7b89f",
            "type": "leaf",
            "state": {
              "type": "tag",
              "state": {
                "sortOrder": "frequency",
                "useHierarchy": true,
                "showSearch": false,
                "searchQuery": ""
              },
              "icon": "lucide-tags",
              "title": "Tags"
            }
          },
          {
            "id": "47226967c8e80964",
            "type": "leaf",
            "state": {
              "type": "all-properties",
              "state": {
                "sortOrder": "frequency",
                "showSearch": false,
                "searchQuery": ""
              },
              "icon": "lucide-archive",
              "title": "Todas as propriedades"
            }
          }
        ]
      },
      {
        "id": "468b75df9b7ee1c6",
        "type": "tabs",
        "children": [
          {
            "id": "f1767b69ffcf88ce",
            "type": "leaf",
            "state": {
              "type": "localgraph",
              "state": {
                "file": "SISTEMA/SOBRE/Guias Práticos ❓.md",
                "options": {
                  "collapse-filter": false,
                  "search": "",
                  "localJumps": 1,
                  "localBacklinks": true,
                  "localForelinks": true,
                  "localInterlinks": true,
                  "showTags": true,
                  "showAttachments": false,
                  "hideUnresolved": false,
                  "collapse-color-groups": true,
                  "colorGroups": [],
                  "collapse-display": true,
                  "showArrow": false,
                  "textFadeMultiplier": 0,
                  "nodeSizeMultiplier": 1,
                  "lineSizeMultiplier": 1,
                  "collapse-forces": true,
                  "centerStrength": 0.518713248970312,
                  "repelStrength": 10,
                  "linkStrength": 1,
                  "linkDistance": 250,
                  "scale": 0.6372987463299539,
                  "close": true
                }
              },
              "icon": "lucide-git-fork",
              "title": "Gráfico de Guias Práticos ❓"
            }
          },
          {
            "id": "d2d39fc8f1f5262c",
            "type": "leaf",
            "state": {
              "type": "calendar",
              "state": {},
              "icon": "calendar-with-checkmark",
              "title": "Calendar"
            }
          },
          {
            "id": "402202eb84be83d7",
            "type": "leaf",
            "state": {
              "type": "backlink",
              "state": {
                "file": "SISTEMA/SOBRE/Guias Práticos ❓.md",
                "collapseAll": true,
                "extraContext": false,
                "sortOrder": "alphabetical",
                "showSearch": false,
                "searchQuery": "",
                "backlinkCollapsed": false,
                "unlinkedCollapsed": true
              },
              "icon": "links-coming-in",
              "title": "Links inversos para Guias Práticos ❓"
            }
          },
          {
            "id": "4f85097de9cdee3e",
            "type": "leaf",
            "state": {
              "type": "markdown",
              "state": {
                "file": "SISTEMA/SOBRE/LYT/Atalhos.md",
                "mode": "preview",
                "source": false,
                "backlinks": false
              },
              "icon": "lucide-file",
              "title": "Atalhos"
            }
          }
        ],
        "currentTab": 1
      }
    ],
    "direction": "horizontal",
    "width": 336
  },
  "left-ribbon": {
    "hiddenItems": {
      "switcher:Open quick switcher": false,
      "graph:Open graph view": false,
      "canvas:Create new canvas": false,
      "daily-notes:Open today's daily note": false,
      "templates:Insert template": false,
      "command-palette:Open command palette": false,
      "workspaces:Manage workspace layouts": false,
      "bases:Create new base": false,
      "callout-manager:Insert Callout": false,
      "iconic:Open rulebook": false,
      "templater-obsidian:Templater": false,
      "widgets:Add widget": false,
      "dashboard-navigator:Open dashboard navigator": false,
      "homepage:Open homepage": false,
      "periodic-notes:Open today": false
    }
  },
  "active": "00b04ee400e048e9",
  "lastOpenFiles": [
    "+/nota exemplo calendário.md",
    "+/Sem título.base",
    "+/nova nota.md",
    "+/exemplos snippets.md",
    "SISTEMA/SOBRE/Boas Vindas 🎉.md",
    "SISTEMA/SOBRE/Guias Práticos ❓.md",
    "SISTEMA/SOBRE/LYT/Checklist.md",
    "SISTEMA/SOBRE/Dashboard++.md",
    "SISTEMA/SOBRE/homepage-help.md",
    "🏠.md",
    "+/Guias Práticos.md",
    "ESFORÇOS/2_PROJETOS.md",
    "ESFORÇOS/1_AREAS.md",
    "ESFORÇOS/PROJETOS/projeto 1/desktop.ini",
    "ESFORÇOS/PROJETOS/Projeto/nota projeto 1.md",
    "ESFORÇOS/AREAS/Saúde/Saúde.md",
    "ESFORÇOS/AREAS/Saúde/Acompanhamento e metas de treino.md",
    "ESFORÇOS/AREAS/Saúde/Dieta e receitas.md",
    "ESFORÇOS/AREAS/Saúde",
    "ESFORÇOS/PROJETOS/projeto 1/Resumo reunião.md",
    "ESFORÇOS/PROJETOS/projeto 1/projeto 1.md",
    "ESFORÇOS/PROJETOS/projeto 1/Planejamento .md",
    "ESFORÇOS/PROJETOS/projeto 1",
    "ESFORÇOS/AREAS/Finanças/Finanças.md",
    "ESFORÇOS/AREAS/Finanças/Planejamento de gastos.md",
    "ESFORÇOS/AREAS/Finanças",
    "ESFORÇOS/PROJETOS/Projeto/Projeto 1.md",
    "ESFORÇOS/PROJETOS/Projeto",
    "ESFORÇOS/AREAS/Saúde/Metas de treino e acompanhamento físico .md",
    "ESFORÇOS/AREAS/Finanças/Planejamento pessoal de gastos.md",
    "ESFORÇOS/_.md",
    "Não confirmado 140638.crdownload",
    "ATLAS/FONTES/Livros",
    "ATLAS/FONTES/Cursos",
    "ATLAS/FONTES/Livros",
    "SISTEMA/MEDIA/Pasted image 20250910044512.png",
    "SISTEMA/MEDIA/Images/lyt-crafting-mocs-2.jpg",
    "SISTEMA/MEDIA/Images/flight-school-checklist.jpg",
    "SISTEMA/MEDIA/Images/lyt-crafting-mocs-0.jpg",
    "SISTEMA/MEDIA/Images/flow-map.png",
    "SISTEMA/MEDIA/Images/sensemaking-archetypes-clean.png",
    "SISTEMA/MEDIA/Images/LYT Ideaverse Wallpaper - Purple.jpg",
    "SISTEMA/MEDIA/Images/lyt-crafting-mocs-5.jpg",
    "SISTEMA/MEDIA/Images/flight-school-interfacing-excellence-award.jpg",
    "SISTEMA/MEDIA/Images/robert-mccall-space-ship-launch-narrow.jpg",
    "ATLAS/FONTES/Sem título.canvas",
    "Sem título.canvas"
  ]
}