{
  "main": {
    "id": "bbfd664c49715762",
    "type": "split",
    "children": [
      {
        "id": "c12cb67693d2c0f8",
        "type": "tabs",
        "children": [
          {
            "id": "3f2c465ec1ac7fde",
            "type": "leaf",
            "state": {
              "type": "markdown",
              "state": {
                "file": "+/Boas Vindas 🎉.md",
                "mode": "preview",
                "source": false,
                "backlinks": true,
                "backlinkOpts": {
                  "collapseAll": false,
                  "extraContext": false,
                  "sortOrder": "alphabetical",
                  "showSearch": false,
                  "searchQuery": "",
                  "backlinkCollapsed": false,
                  "unlinkedCollapsed": true
                }
              },
              "icon": "lucide-file",
              "title": "Boas Vindas 🎉"
            }
          },
          {
            "id": "41e7cb7defd71eca",
            "type": "leaf",
            "pinned": true,
            "state": {
              "type": "markdown",
              "state": {
                "file": "🏠Home.md",
                "mode": "preview",
                "source": false,
                "backlinks": true,
                "backlinkOpts": {
                  "collapseAll": false,
                  "extraContext": false,
                  "sortOrder": "alphabetical",
                  "showSearch": false,
                  "searchQuery": "",
                  "backlinkCollapsed": false,
                  "unlinkedCollapsed": true
                }
              },
              "pinned": true,
              "icon": "lucide-file",
              "title": "🏠Home"
            }
          },
          {
            "id": "1fc80c9291eb1a74",
            "type": "leaf",
            "pinned": true,
            "state": {
              "type": "markdown",
              "state": {
                "file": "🏠Home Pro.md",
                "mode": "preview",
                "source": false,
                "backlinks": true,
                "backlinkOpts": {
                  "collapseAll": false,
                  "extraContext": false,
                  "sortOrder": "alphabetical",
                  "showSearch": false,
                  "searchQuery": "",
                  "backlinkCollapsed": false,
                  "unlinkedCollapsed": true
                }
              },
              "pinned": true,
              "icon": "lucide-file",
              "title": "🏠Home Pro"
            }
          }
        ]
      }
    ],
    "direction": "vertical"
  },
  "left": {
    "id": "ecce28e30e96abad",
    "type": "split",
    "children": [
      {
        "id": "21a624ab639c142e",
        "type": "tabs",
        "children": [
          {
            "id": "26bda3c9cb740625",
            "type": "leaf",
            "state": {
              "type": "file-explorer",
              "state": {
                "sortOrder": "alphabetical",
                "autoReveal": false
              },
              "icon": "lucide-folder-closed",
              "title": "Explorador de arquivos"
            }
          },
          {
            "id": "3a0fadd679d2e600",
            "type": "leaf",
            "state": {
              "type": "recent-files",
              "state": {},
              "icon": "clock",
              "title": "Recent Files"
            }
          },
          {
            "id": "ab37be2ef210afce",
            "type": "leaf",
            "state": {
              "type": "bookmarks",
              "state": {},
              "icon": "lucide-bookmark",
              "title": "Bookmarks"
            }
          },
          {
            "id": "4eeefb6de41c8abe",
            "type": "leaf",
            "state": {
              "type": "outline",
              "state": {
                "file": "+/Guias Práticos.md",
                "followCursor": false,
                "showSearch": false,
                "searchQuery": ""
              },
              "icon": "lucide-list",
              "title": "Outline of Guias Práticos"
            }
          },
          {
            "id": "89b309ba1cbbdf51",
            "type": "leaf",
            "state": {
              "type": "search",
              "state": {
                "query": "[\"created\"]",
                "matchingCase": false,
                "explainSearch": false,
                "collapseAll": false,
                "extraContext": false,
                "sortOrder": "alphabetical"
              },
              "icon": "lucide-search",
              "title": "Procurar"
            }
          }
        ]
      }
    ],
    "direction": "horizontal",
    "width": 330
  },
  "right": {
    "id": "10862ba78f6a46ca",
    "type": "split",
    "children": [
      {
        "id": "c20f8c2c3963ddaf",
        "type": "tabs",
        "children": [
          {
            "id": "f873cb294b2c1c1b",
            "type": "leaf",
            "state": {
              "type": "file-properties",
              "state": {
                "file": "+/Boas Vindas 🎉.md"
              },
              "icon": "lucide-info",
              "title": "Propriedades do arquivo Boas Vindas 🎉"
            }
          },
          {
            "id": "d5fcfb6006d7b89f",
            "type": "leaf",
            "state": {
              "type": "tag",
              "state": {
                "sortOrder": "frequency",
                "useHierarchy": true,
                "showSearch": false,
                "searchQuery": ""
              },
              "icon": "lucide-tags",
              "title": "Tags"
            }
          },
          {
            "id": "47226967c8e80964",
            "type": "leaf",
            "state": {
              "type": "all-properties",
              "state": {
                "sortOrder": "frequency",
                "showSearch": false,
                "searchQuery": ""
              },
              "icon": "lucide-archive",
              "title": "Todas as propriedades"
            }
          }
        ]
      },
      {
        "id": "468b75df9b7ee1c6",
        "type": "tabs",
        "children": [
          {
            "id": "d2d39fc8f1f5262c",
            "type": "leaf",
            "state": {
              "type": "calendar",
              "state": {},
              "icon": "calendar-with-checkmark",
              "title": "Calendar"
            }
          },
          {
            "id": "f1767b69ffcf88ce",
            "type": "leaf",
            "state": {
              "type": "localgraph",
              "state": {
                "file": "Sistema/Sobre/Guias Práticos ❓.md",
                "options": {
                  "collapse-filter": false,
                  "search": "",
                  "localJumps": 1,
                  "localBacklinks": true,
                  "localForelinks": true,
                  "localInterlinks": true,
                  "showTags": true,
                  "showAttachments": false,
                  "hideUnresolved": false,
                  "collapse-color-groups": true,
                  "colorGroups": [],
                  "collapse-display": true,
                  "showArrow": false,
                  "textFadeMultiplier": 0,
                  "nodeSizeMultiplier": 1,
                  "lineSizeMultiplier": 1,
                  "collapse-forces": true,
                  "centerStrength": 0.518713248970312,
                  "repelStrength": 10,
                  "linkStrength": 1,
                  "linkDistance": 250,
                  "scale": 0.3242333202184635,
                  "close": true
                }
              },
              "icon": "lucide-git-fork",
              "title": "Gráfico de Guias Práticos ❓"
            }
          },
          {
            "id": "402202eb84be83d7",
            "type": "leaf",
            "state": {
              "type": "backlink",
              "state": {
                "file": "Sistema/Sobre/Guias Práticos ❓.md",
                "collapseAll": false,
                "extraContext": false,
                "sortOrder": "alphabetical",
                "showSearch": false,
                "searchQuery": "",
                "backlinkCollapsed": false,
                "unlinkedCollapsed": true
              },
              "icon": "links-coming-in",
              "title": "Links inversos para Guias Práticos ❓"
            }
          },
          {
            "id": "4f4ef0971adf29bf",
            "type": "leaf",
            "state": {
              "type": "markdown",
              "state": {
                "file": "Sistema/Controle/Atalhos.md",
                "mode": "source",
                "source": false,
                "backlinks": true,
                "backlinkOpts": {
                  "collapseAll": false,
                  "extraContext": false,
                  "sortOrder": "alphabetical",
                  "showSearch": false,
                  "searchQuery": "",
                  "backlinkCollapsed": false,
                  "unlinkedCollapsed": true
                }
              },
              "icon": "lucide-file",
              "title": "Atalhos"
            }
          }
        ]
      }
    ],
    "direction": "horizontal",
    "width": 406
  },
  "left-ribbon": {
    "hiddenItems": {
      "switcher:Abrir a troca rápida": false,
      "graph:Abrir visualização em gráfico": false,
      "canvas:Criar novo canvas": false,
      "daily-notes:Abrir a nota de hoje": false,
      "templates:Inserir modelo": false,
      "command-palette:Abrir paleta de comandos": false,
      "workspaces:Gerenciar leiautes da área de trabalho": false,
      "bases:Criar nova base": false,
      "callout-manager:Insert Callout": false,
      "iconic:Open rulebook": false,
      "templater-obsidian:Templater": false,
      "widgets:Add widget": false,
      "dashboard-navigator:Open dashboard navigator": false,
      "homepage:Open homepage": false,
      "periodic-notes:Open today": false
    }
  },
  "active": "3f2c465ec1ac7fde",
  "lastOpenFiles": [
    "🏠Home Pro.md",
    "+/Boas Vindas 🎉.md",
    "+/nota 1.md",
    "Sistema/Templates/Snippet/sm.md",
    "Sistema/Templates/Format/format.md",
    "+/----.md",
    "🏠Home.md",
    "Atlas/Mapas/Mapa de Gestão de Conhecimento.md",
    "Sistema/Templates/quick-actions.md",
    "Sistema/Templates/Snippet/tabs-2.md",
    "Sistema/Templates/Snippet/tabs.md",
    "Sistema/Templates/Snippet/multicollum 2 colluns.md",
    "Sistema/Templates/Snippet/metabind command button - command in clipboard.md",
    "Sistema/Templates/Snippet/% metabind 3 options.md",
    "Sistema/Templates/Snippet/% METABIND BOTÃO ABRIR NOTA.md",
    "Sistema/Templates/Snippet/% Linha de Ultima data de alteração.md",
    "Sistema/Templates/Snippet/_  metabind de metadados.md",
    "Sistema/Templates/Format/projeto.md",
    "Sistema/Templates/Format/template.md",
    "Sistema/Templates/Format/projeto nota.md",
    "Sistema/Templates/Format/nota diaria.md",
    "Sistema/Templates/Format/mensal-template.md",
    "Sistema/Templates/Format/coleção.md",
    "Sistema/Templates/Format/livro.md",
    "Sistema/Templates/Format/base.md",
    "Sistema/Templates/Format/aula.md",
    "Esforços/Areas/area 1",
    "Esforços/Areas",
    "Esforços/Projetos/projeto 1",
    "Esforços/Projetos",
    "Sistema/Media/Pasted image 20251007195624.png",
    "Sistema/Media/Pasted image 20251007195459.png",
    "Esforços/Untitled",
    "Atlas/Conceitos",
    "Sistema/Recursos",
    "Esforços/Areas/a",
    "Esforços",
    "Sistema/Sobre",
    "Sistema/Media/Pasted image 20250815104904.png",
    "Sistema/Media/Pasted image 20250910044512.png",
    "Sistema/Media/Images/lyt-crafting-mocs-2.jpg",
    "Sistema/Media/Images/flight-school-checklist.jpg",
    "Sistema/Media/Images/lyt-crafting-mocs-0.jpg",
    "Sistema/Media/Images/flow-map.png",
    "Sistema/Media/Images/sensemaking-archetypes-clean.png",
    "Sistema/Media/Images/LYT Ideaverse Wallpaper - Purple.jpg",
    "ATLAS/FONTES/Sem título.canvas",
    "Sem título.canvas"
  ]
}