{
  "workspaces": {
    "Videos guia": {
      "main": {
        "id": "bbfd664c49715762",
        "type": "split",
        "children": [
          {
            "id": "c9c6e591aed0dda5",
            "type": "tabs",
            "children": [
              {
                "id": "00b04ee400e048e9",
                "type": "leaf",
                "pinned": true,
                "state": {
                  "type": "markdown",
                  "state": {
                    "file": "Sistema/Sobre/Boas Vindas 🎉.md",
                    "mode": "preview",
                    "source": false,
                    "backlinks": true,
                    "backlinkOpts": {
                      "collapseAll": false,
                      "extraContext": false,
                      "sortOrder": "alphabetical",
                      "showSearch": false,
                      "searchQuery": "",
                      "backlinkCollapsed": false,
                      "unlinkedCollapsed": true
                    }
                  },
                  "pinned": true,
                  "icon": "lucide-file",
                  "title": "Boas Vindas 🎉"
                }
              },
              {
                "id": "32741ed96db980b3",
                "type": "leaf",
                "pinned": true,
                "state": {
                  "type": "markdown",
                  "state": {
                    "file": "Sistema/Sobre/Guias Práticos ❓.md",
                    "mode": "source",
                    "source": false,
                    "backlinks": false
                  },
                  "pinned": true,
                  "icon": "lucide-file",
                  "title": "Guias Práticos ❓"
                }
              },
              {
                "id": "5b460192d8b24f51",
                "type": "leaf",
                "pinned": true,
                "state": {
                  "type": "markdown",
                  "state": {
                    "file": "🏠.md",
                    "mode": "preview",
                    "source": false,
                    "backlinks": true,
                    "backlinkOpts": {
                      "collapseAll": false,
                      "extraContext": false,
                      "sortOrder": "alphabetical",
                      "showSearch": false,
                      "searchQuery": "",
                      "backlinkCollapsed": false,
                      "unlinkedCollapsed": true
                    }
                  },
                  "pinned": true,
                  "icon": "lucide-file",
                  "title": "🏠"
                }
              },
              {
                "id": "fd78db74f7160e44",
                "type": "leaf",
                "state": {
                  "type": "markdown",
                  "state": {
                    "file": "Sistema/Sobre/LYT/Markdown.md",
                    "mode": "source",
                    "source": false,
                    "backlinks": true,
                    "backlinkOpts": {
                      "collapseAll": false,
                      "extraContext": false,
                      "sortOrder": "alphabetical",
                      "showSearch": false,
                      "searchQuery": "",
                      "backlinkCollapsed": false,
                      "unlinkedCollapsed": true
                    }
                  },
                  "icon": "lucide-file",
                  "title": "Markdown"
                }
              }
            ],
            "currentTab": 1
          }
        ],
        "direction": "vertical"
      },
      "left": {
        "id": "ecce28e30e96abad",
        "type": "split",
        "children": [
          {
            "id": "21a624ab639c142e",
            "type": "tabs",
            "children": [
              {
                "id": "26bda3c9cb740625",
                "type": "leaf",
                "state": {
                  "type": "file-explorer",
                  "state": {
                    "sortOrder": "alphabetical",
                    "autoReveal": false
                  },
                  "icon": "lucide-folder-closed",
                  "title": "Explorador de arquivos"
                }
              },
              {
                "id": "3a0fadd679d2e600",
                "type": "leaf",
                "state": {
                  "type": "recent-files",
                  "state": {},
                  "icon": "clock",
                  "title": "Recent Files"
                }
              },
              {
                "id": "ab37be2ef210afce",
                "type": "leaf",
                "state": {
                  "type": "bookmarks",
                  "state": {},
                  "icon": "lucide-bookmark",
                  "title": "Marcadores"
                }
              },
              {
                "id": "4eeefb6de41c8abe",
                "type": "leaf",
                "state": {
                  "type": "outline",
                  "state": {
                    "file": "Sistema/Sobre/Guias Práticos.md",
                    "followCursor": false,
                    "showSearch": false,
                    "searchQuery": ""
                  },
                  "icon": "lucide-list",
                  "title": "Sumário de Guias Práticos"
                }
              },
              {
                "id": "89b309ba1cbbdf51",
                "type": "leaf",
                "state": {
                  "type": "search",
                  "state": {
                    "query": "tag:#project/projeto_2  ",
                    "matchingCase": false,
                    "explainSearch": false,
                    "collapseAll": false,
                    "extraContext": false,
                    "sortOrder": "alphabetical"
                  },
                  "icon": "lucide-search",
                  "title": "Search"
                }
              }
            ]
          }
        ],
        "direction": "horizontal",
        "width": 347.5
      },
      "right": {
        "id": "10862ba78f6a46ca",
        "type": "split",
        "children": [
          {
            "id": "c20f8c2c3963ddaf",
            "type": "tabs",
            "children": [
              {
                "id": "f873cb294b2c1c1b",
                "type": "leaf",
                "state": {
                  "type": "file-properties",
                  "state": {
                    "file": "Sistema/Sobre/Guias Práticos ❓.md"
                  },
                  "icon": "lucide-info",
                  "title": "Propriedades do arquivo Guias Práticos ❓"
                }
              },
              {
                "id": "d5fcfb6006d7b89f",
                "type": "leaf",
                "state": {
                  "type": "tag",
                  "state": {
                    "sortOrder": "frequency",
                    "useHierarchy": true,
                    "showSearch": false,
                    "searchQuery": ""
                  },
                  "icon": "lucide-tags",
                  "title": "Tags"
                }
              },
              {
                "id": "47226967c8e80964",
                "type": "leaf",
                "state": {
                  "type": "all-properties",
                  "state": {
                    "sortOrder": "frequency",
                    "showSearch": false,
                    "searchQuery": ""
                  },
                  "icon": "lucide-archive",
                  "title": "Todas as propriedades"
                }
              }
            ],
            "currentTab": 2
          },
          {
            "id": "468b75df9b7ee1c6",
            "type": "tabs",
            "children": [
              {
                "id": "d2d39fc8f1f5262c",
                "type": "leaf",
                "state": {
                  "type": "calendar",
                  "state": {},
                  "icon": "calendar-with-checkmark",
                  "title": "Calendar"
                }
              },
              {
                "id": "f1767b69ffcf88ce",
                "type": "leaf",
                "state": {
                  "type": "localgraph",
                  "state": {
                    "file": "Sistema/Sobre/Guias Práticos ❓.md",
                    "options": {
                      "collapse-filter": false,
                      "search": "",
                      "localJumps": 1,
                      "localBacklinks": true,
                      "localForelinks": true,
                      "localInterlinks": true,
                      "showTags": true,
                      "showAttachments": false,
                      "hideUnresolved": false,
                      "collapse-color-groups": true,
                      "colorGroups": [],
                      "collapse-display": true,
                      "showArrow": false,
                      "textFadeMultiplier": 0,
                      "nodeSizeMultiplier": 1,
                      "lineSizeMultiplier": 1,
                      "collapse-forces": true,
                      "centerStrength": 0.518713248970312,
                      "repelStrength": 10,
                      "linkStrength": 1,
                      "linkDistance": 250,
                      "scale": 0.3242333202184635,
                      "close": true
                    }
                  },
                  "icon": "lucide-git-fork",
                  "title": "Gráfico de Guias Práticos ❓"
                }
              },
              {
                "id": "402202eb84be83d7",
                "type": "leaf",
                "state": {
                  "type": "backlink",
                  "state": {
                    "file": "Sistema/Sobre/Guias Práticos ❓.md",
                    "collapseAll": false,
                    "extraContext": false,
                    "sortOrder": "alphabetical",
                    "showSearch": false,
                    "searchQuery": "",
                    "backlinkCollapsed": false,
                    "unlinkedCollapsed": true
                  },
                  "icon": "links-coming-in",
                  "title": "Links inversos para Guias Práticos ❓"
                }
              },
              {
                "id": "4f85097de9cdee3e",
                "type": "leaf",
                "state": {
                  "type": "markdown",
                  "state": {
                    "file": "Sistema/Sobre/LYT/Atalhos.md",
                    "mode": "preview",
                    "source": false,
                    "backlinks": false
                  },
                  "icon": "lucide-file",
                  "title": "Atalhos"
                }
              }
            ]
          }
        ],
        "direction": "horizontal",
        "width": 336
      },
      "left-ribbon": {
        "hiddenItems": {
          "switcher:Abrir a troca rápida": false,
          "graph:Abrir visualização em gráfico": false,
          "canvas:Criar novo canvas": false,
          "daily-notes:Abrir a nota de hoje": false,
          "templates:Inserir modelo": false,
          "command-palette:Abrir paleta de comandos": false,
          "workspaces:Gerenciar leiautes da área de trabalho": false,
          "bases:Criar nova base": false,
          "callout-manager:Insert Callout": false,
          "iconic:Open rulebook": false,
          "templater-obsidian:Templater": false,
          "widgets:Add widget": false,
          "dashboard-navigator:Open dashboard navigator": false,
          "homepage:Open homepage": false,
          "periodic-notes:Open today": false
        }
      },
      "active": "32741ed96db980b3",
      "mtime": "2025-09-18T14:06:05-03:00"
    },
    "LYT": {
      "main": {
        "id": "bbfd664c49715762",
        "type": "split",
        "children": [
          {
            "id": "f942ed9ede8b1730",
            "type": "tabs",
            "dimension": 57.315731573157315,
            "children": [
              {
                "id": "e3bb9c6ddd5aff9a",
                "type": "leaf",
                "pinned": true,
                "state": {
                  "type": "markdown",
                  "state": {
                    "file": "Atlas/Mapas/Mapa de Gestão de Conhecimento.md",
                    "mode": "preview",
                    "source": false,
                    "backlinks": true,
                    "backlinkOpts": {
                      "collapseAll": false,
                      "extraContext": false,
                      "sortOrder": "alphabetical",
                      "showSearch": false,
                      "searchQuery": "",
                      "backlinkCollapsed": false,
                      "unlinkedCollapsed": true
                    }
                  },
                  "pinned": true,
                  "icon": "lucide-file",
                  "title": "Mapa de Gestão de Conhecimento"
                }
              }
            ]
          },
          {
            "id": "bbc1dd7750d77e0c",
            "type": "tabs",
            "dimension": 42.684268426842685,
            "children": [
              {
                "id": "5be8dea43ea66705",
                "type": "leaf",
                "state": {
                  "type": "markdown",
                  "state": {
                    "file": "Atlas/Conceitos/LYT/Sistema ACE.md",
                    "mode": "source",
                    "source": false,
                    "backlinks": true,
                    "backlinkOpts": {
                      "collapseAll": false,
                      "extraContext": false,
                      "sortOrder": "alphabetical",
                      "showSearch": false,
                      "searchQuery": "",
                      "backlinkCollapsed": false,
                      "unlinkedCollapsed": true
                    }
                  },
                  "icon": "lucide-file",
                  "title": "Sistema ACE"
                }
              }
            ]
          }
        ],
        "direction": "vertical"
      },
      "left": {
        "id": "ecce28e30e96abad",
        "type": "split",
        "children": [
          {
            "id": "21a624ab639c142e",
            "type": "tabs",
            "children": [
              {
                "id": "26bda3c9cb740625",
                "type": "leaf",
                "state": {
                  "type": "file-explorer",
                  "state": {
                    "sortOrder": "alphabetical",
                    "autoReveal": false
                  },
                  "icon": "lucide-folder-closed",
                  "title": "Files"
                }
              },
              {
                "id": "3a0fadd679d2e600",
                "type": "leaf",
                "state": {
                  "type": "recent-files",
                  "state": {},
                  "icon": "clock",
                  "title": "Recent Files"
                }
              },
              {
                "id": "ab37be2ef210afce",
                "type": "leaf",
                "state": {
                  "type": "bookmarks",
                  "state": {},
                  "icon": "lucide-bookmark",
                  "title": "Bookmarks"
                }
              },
              {
                "id": "4eeefb6de41c8abe",
                "type": "leaf",
                "state": {
                  "type": "outline",
                  "state": {
                    "file": "+/Guias Práticos.md",
                    "followCursor": false,
                    "showSearch": false,
                    "searchQuery": ""
                  },
                  "icon": "lucide-list",
                  "title": "Outline of Guias Práticos"
                }
              },
              {
                "id": "89b309ba1cbbdf51",
                "type": "leaf",
                "state": {
                  "type": "search",
                  "state": {
                    "query": "[\"cssclasses\"]",
                    "matchingCase": false,
                    "explainSearch": false,
                    "collapseAll": false,
                    "extraContext": false,
                    "sortOrder": "alphabetical"
                  },
                  "icon": "lucide-search",
                  "title": "Search"
                }
              }
            ]
          }
        ],
        "direction": "horizontal",
        "width": 386,
        "collapsed": true
      },
      "right": {
        "id": "10862ba78f6a46ca",
        "type": "split",
        "children": [
          {
            "id": "c20f8c2c3963ddaf",
            "type": "tabs",
            "children": [
              {
                "id": "f873cb294b2c1c1b",
                "type": "leaf",
                "state": {
                  "type": "file-properties",
                  "state": {
                    "file": "Atlas/Mapas/Mapa de Gestão de Conhecimento.md"
                  },
                  "icon": "lucide-info",
                  "title": "File properties for Mapa de Gestão de Conhecimento"
                }
              },
              {
                "id": "d5fcfb6006d7b89f",
                "type": "leaf",
                "state": {
                  "type": "tag",
                  "state": {
                    "sortOrder": "frequency",
                    "useHierarchy": true,
                    "showSearch": false,
                    "searchQuery": ""
                  },
                  "icon": "lucide-tags",
                  "title": "Tags"
                }
              },
              {
                "id": "47226967c8e80964",
                "type": "leaf",
                "state": {
                  "type": "all-properties",
                  "state": {
                    "sortOrder": "frequency",
                    "showSearch": false,
                    "searchQuery": ""
                  },
                  "icon": "lucide-archive",
                  "title": "All properties"
                }
              }
            ]
          },
          {
            "id": "468b75df9b7ee1c6",
            "type": "tabs",
            "children": [
              {
                "id": "d2d39fc8f1f5262c",
                "type": "leaf",
                "state": {
                  "type": "calendar",
                  "state": {},
                  "icon": "calendar-with-checkmark",
                  "title": "Calendar"
                }
              },
              {
                "id": "f1767b69ffcf88ce",
                "type": "leaf",
                "state": {
                  "type": "localgraph",
                  "state": {
                    "file": "Sistema/Sobre/Guias Práticos ❓.md",
                    "options": {
                      "collapse-filter": false,
                      "search": "",
                      "localJumps": 1,
                      "localBacklinks": true,
                      "localForelinks": true,
                      "localInterlinks": true,
                      "showTags": true,
                      "showAttachments": false,
                      "hideUnresolved": false,
                      "collapse-color-groups": true,
                      "colorGroups": [],
                      "collapse-display": true,
                      "showArrow": false,
                      "textFadeMultiplier": 0,
                      "nodeSizeMultiplier": 1,
                      "lineSizeMultiplier": 1,
                      "collapse-forces": true,
                      "centerStrength": 0.518713248970312,
                      "repelStrength": 10,
                      "linkStrength": 1,
                      "linkDistance": 250,
                      "scale": 0.3242333202184635,
                      "close": true
                    }
                  },
                  "icon": "lucide-git-fork",
                  "title": "Gráfico de Guias Práticos ❓"
                }
              },
              {
                "id": "402202eb84be83d7",
                "type": "leaf",
                "state": {
                  "type": "backlink",
                  "state": {
                    "file": "Sistema/Sobre/Guias Práticos ❓.md",
                    "collapseAll": false,
                    "extraContext": false,
                    "sortOrder": "alphabetical",
                    "showSearch": false,
                    "searchQuery": "",
                    "backlinkCollapsed": false,
                    "unlinkedCollapsed": true
                  },
                  "icon": "links-coming-in",
                  "title": "Links inversos para Guias Práticos ❓"
                }
              },
              {
                "id": "4f4ef0971adf29bf",
                "type": "leaf",
                "state": {
                  "type": "markdown",
                  "state": {
                    "file": "Sistema/Controle/Atalhos.md",
                    "mode": "source",
                    "source": false,
                    "backlinks": true,
                    "backlinkOpts": {
                      "collapseAll": false,
                      "extraContext": false,
                      "sortOrder": "alphabetical",
                      "showSearch": false,
                      "searchQuery": "",
                      "backlinkCollapsed": false,
                      "unlinkedCollapsed": true
                    }
                  },
                  "icon": "lucide-file",
                  "title": "Atalhos"
                }
              }
            ]
          }
        ],
        "direction": "horizontal",
        "width": 406,
        "collapsed": true
      },
      "left-ribbon": {
        "hiddenItems": {
          "switcher:Open quick switcher": false,
          "graph:Open graph view": false,
          "canvas:Create new canvas": false,
          "daily-notes:Open today's daily note": false,
          "templates:Insert template": false,
          "command-palette:Open command palette": false,
          "workspaces:Manage workspace layouts": false,
          "bases:Create new base": false,
          "callout-manager:Insert Callout": false,
          "iconic:Open rulebook": false,
          "templater-obsidian:Templater": false,
          "widgets:Add widget": false,
          "dashboard-navigator:Open dashboard navigator": false,
          "homepage:Open homepage": false,
          "periodic-notes:Open today": false
        }
      },
      "active": "5be8dea43ea66705",
      "mtime": "2025-10-07T16:41:53-03:00"
    },
    "home": {
      "main": {
        "id": "bbfd664c49715762",
        "type": "split",
        "children": [
          {
            "id": "f942ed9ede8b1730",
            "type": "tabs",
            "children": [
              {
                "id": "8aef6a56130d24cf",
                "type": "leaf",
                "pinned": true,
                "state": {
                  "type": "markdown",
                  "state": {
                    "file": "🏠Home.md",
                    "mode": "preview",
                    "source": false,
                    "backlinks": true,
                    "backlinkOpts": {
                      "collapseAll": false,
                      "extraContext": false,
                      "sortOrder": "alphabetical",
                      "showSearch": false,
                      "searchQuery": "",
                      "backlinkCollapsed": false,
                      "unlinkedCollapsed": true
                    }
                  },
                  "pinned": true,
                  "icon": "lucide-file",
                  "title": "🏠Home"
                }
              },
              {
                "id": "9a256fdbf93bcd58",
                "type": "leaf",
                "pinned": true,
                "state": {
                  "type": "markdown",
                  "state": {
                    "file": "🏠Home Pro.md",
                    "mode": "preview",
                    "source": false,
                    "backlinks": true,
                    "backlinkOpts": {
                      "collapseAll": false,
                      "extraContext": false,
                      "sortOrder": "alphabetical",
                      "showSearch": false,
                      "searchQuery": "",
                      "backlinkCollapsed": false,
                      "unlinkedCollapsed": true
                    }
                  },
                  "pinned": true,
                  "icon": "lucide-file",
                  "title": "🏠Home Pro"
                }
              }
            ],
            "currentTab": 1
          }
        ],
        "direction": "vertical"
      },
      "left": {
        "id": "ecce28e30e96abad",
        "type": "split",
        "children": [
          {
            "id": "21a624ab639c142e",
            "type": "tabs",
            "children": [
              {
                "id": "26bda3c9cb740625",
                "type": "leaf",
                "state": {
                  "type": "file-explorer",
                  "state": {
                    "sortOrder": "alphabetical",
                    "autoReveal": false
                  },
                  "icon": "lucide-folder-closed",
                  "title": "Files"
                }
              },
              {
                "id": "3a0fadd679d2e600",
                "type": "leaf",
                "state": {
                  "type": "recent-files",
                  "state": {},
                  "icon": "clock",
                  "title": "Recent Files"
                }
              },
              {
                "id": "ab37be2ef210afce",
                "type": "leaf",
                "state": {
                  "type": "bookmarks",
                  "state": {},
                  "icon": "lucide-bookmark",
                  "title": "Bookmarks"
                }
              },
              {
                "id": "4eeefb6de41c8abe",
                "type": "leaf",
                "state": {
                  "type": "outline",
                  "state": {
                    "file": "+/Guias Práticos.md",
                    "followCursor": false,
                    "showSearch": false,
                    "searchQuery": ""
                  },
                  "icon": "lucide-list",
                  "title": "Outline of Guias Práticos"
                }
              },
              {
                "id": "89b309ba1cbbdf51",
                "type": "leaf",
                "state": {
                  "type": "search",
                  "state": {
                    "query": "[\"cssclasses\"]",
                    "matchingCase": false,
                    "explainSearch": false,
                    "collapseAll": false,
                    "extraContext": false,
                    "sortOrder": "alphabetical"
                  },
                  "icon": "lucide-search",
                  "title": "Search"
                }
              }
            ]
          }
        ],
        "direction": "horizontal",
        "width": 386
      },
      "right": {
        "id": "10862ba78f6a46ca",
        "type": "split",
        "children": [
          {
            "id": "c20f8c2c3963ddaf",
            "type": "tabs",
            "children": [
              {
                "id": "f873cb294b2c1c1b",
                "type": "leaf",
                "state": {
                  "type": "file-properties",
                  "state": {
                    "file": "Atlas/Mapas/Mapa de Gestão de Conhecimento.md"
                  },
                  "icon": "lucide-info",
                  "title": "File properties for Mapa de Gestão de Conhecimento"
                }
              },
              {
                "id": "d5fcfb6006d7b89f",
                "type": "leaf",
                "state": {
                  "type": "tag",
                  "state": {
                    "sortOrder": "frequency",
                    "useHierarchy": true,
                    "showSearch": false,
                    "searchQuery": ""
                  },
                  "icon": "lucide-tags",
                  "title": "Tags"
                }
              },
              {
                "id": "47226967c8e80964",
                "type": "leaf",
                "state": {
                  "type": "all-properties",
                  "state": {
                    "sortOrder": "frequency",
                    "showSearch": false,
                    "searchQuery": ""
                  },
                  "icon": "lucide-archive",
                  "title": "All properties"
                }
              }
            ]
          },
          {
            "id": "468b75df9b7ee1c6",
            "type": "tabs",
            "children": [
              {
                "id": "d2d39fc8f1f5262c",
                "type": "leaf",
                "state": {
                  "type": "calendar",
                  "state": {},
                  "icon": "calendar-with-checkmark",
                  "title": "Calendar"
                }
              },
              {
                "id": "f1767b69ffcf88ce",
                "type": "leaf",
                "state": {
                  "type": "localgraph",
                  "state": {
                    "file": "Sistema/Sobre/Guias Práticos ❓.md",
                    "options": {
                      "collapse-filter": false,
                      "search": "",
                      "localJumps": 1,
                      "localBacklinks": true,
                      "localForelinks": true,
                      "localInterlinks": true,
                      "showTags": true,
                      "showAttachments": false,
                      "hideUnresolved": false,
                      "collapse-color-groups": true,
                      "colorGroups": [],
                      "collapse-display": true,
                      "showArrow": false,
                      "textFadeMultiplier": 0,
                      "nodeSizeMultiplier": 1,
                      "lineSizeMultiplier": 1,
                      "collapse-forces": true,
                      "centerStrength": 0.518713248970312,
                      "repelStrength": 10,
                      "linkStrength": 1,
                      "linkDistance": 250,
                      "scale": 0.3242333202184635,
                      "close": true
                    }
                  },
                  "icon": "lucide-git-fork",
                  "title": "Gráfico de Guias Práticos ❓"
                }
              },
              {
                "id": "402202eb84be83d7",
                "type": "leaf",
                "state": {
                  "type": "backlink",
                  "state": {
                    "file": "Sistema/Sobre/Guias Práticos ❓.md",
                    "collapseAll": false,
                    "extraContext": false,
                    "sortOrder": "alphabetical",
                    "showSearch": false,
                    "searchQuery": "",
                    "backlinkCollapsed": false,
                    "unlinkedCollapsed": true
                  },
                  "icon": "links-coming-in",
                  "title": "Links inversos para Guias Práticos ❓"
                }
              },
              {
                "id": "4f4ef0971adf29bf",
                "type": "leaf",
                "state": {
                  "type": "markdown",
                  "state": {
                    "file": "Sistema/Controle/Atalhos.md",
                    "mode": "source",
                    "source": false,
                    "backlinks": true,
                    "backlinkOpts": {
                      "collapseAll": false,
                      "extraContext": false,
                      "sortOrder": "alphabetical",
                      "showSearch": false,
                      "searchQuery": "",
                      "backlinkCollapsed": false,
                      "unlinkedCollapsed": true
                    }
                  },
                  "icon": "lucide-file",
                  "title": "Atalhos"
                }
              }
            ]
          }
        ],
        "direction": "horizontal",
        "width": 406,
        "collapsed": true
      },
      "left-ribbon": {
        "hiddenItems": {
          "switcher:Open quick switcher": false,
          "graph:Open graph view": false,
          "canvas:Create new canvas": false,
          "daily-notes:Open today's daily note": false,
          "templates:Insert template": false,
          "command-palette:Open command palette": false,
          "workspaces:Manage workspace layouts": false,
          "bases:Create new base": false,
          "callout-manager:Insert Callout": false,
          "iconic:Open rulebook": false,
          "templater-obsidian:Templater": false,
          "widgets:Add widget": false,
          "dashboard-navigator:Open dashboard navigator": false,
          "homepage:Open homepage": false,
          "periodic-notes:Open today": false
        }
      },
      "active": "9a256fdbf93bcd58",
      "mtime": "2025-10-07T20:16:06-03:00"
    }
  },
  "active": "home"
}