{
  "main": {
    "id": "2178b4b13ad8d220",
    "type": "split",
    "children": [
      {
        "id": "480113ca8d9c7463",
        "type": "tabs",
        "children": [
          {
            "id": "6204db7ad6c1b5e8",
            "type": "leaf",
            "state": {
              "type": "markdown",
              "state": {
                "file": "README.md",
                "mode": "source",
                "source": false,
                "backlinks": true,
                "backlinkOpts": {
                  "collapseAll": false,
                  "extraContext": false,
                  "sortOrder": "alphabetical",
                  "showSearch": false,
                  "searchQuery": "",
                  "backlinkCollapsed": false,
                  "unlinkedCollapsed": true
                }
              },
              "icon": "lucide-file",
              "title": "README"
            }
          },
          {
            "id": "388fc5a97d783810",
            "type": "leaf",
            "state": {
              "type": "tasknotes-advanced-calendar-view",
              "state": {},
              "icon": "lucide-ghost",
              "title": "tasknotes-advanced-calendar-view"
            }
          }
        ]
      }
    ],
    "direction": "vertical"
  },
  "left": {
    "id": "da223467db4c9158",
    "type": "split",
    "children": [
      {
        "id": "3ba83bbb7904c6a3",
        "type": "tabs",
        "children": [
          {
            "id": "b34c0f902b1265c0",
            "type": "leaf",
            "state": {
              "type": "file-explorer",
              "state": {
                "sortOrder": "alphabetical",
                "autoReveal": false
              },
              "icon": "lucide-folder-closed",
              "title": "Explorador de arquivos"
            }
          },
          {
            "id": "c3dcb494a0674c29",
            "type": "leaf",
            "state": {
              "type": "search",
              "state": {
                "query": "",
                "matchingCase": false,
                "explainSearch": false,
                "collapseAll": false,
                "extraContext": false,
                "sortOrder": "alphabetical"
              },
              "icon": "lucide-search",
              "title": "Procurar"
            }
          },
          {
            "id": "e0f7509dece0369f",
            "type": "leaf",
            "state": {
              "type": "bookmarks",
              "state": {},
              "icon": "lucide-bookmark",
              "title": "Marcadores"
            }
          },
          {
            "id": "f7119f2528338e15",
            "type": "leaf",
            "state": {
              "type": "outline",
              "state": {
                "file": "🏠.md",
                "followCursor": false,
                "showSearch": false,
                "searchQuery": ""
              },
              "icon": "lucide-list",
              "title": "Sumário de 🏠"
            }
          },
          {
            "id": "b8dfe6ab158d7f15",
            "type": "leaf",
            "state": {
              "type": "recent-files",
              "state": {},
              "icon": "lucide-ghost",
              "title": "recent-files"
            }
          }
        ]
      },
      {
        "id": "5bf066390432bfba",
        "type": "tabs",
        "children": [
          {
            "id": "f8e7e9bde23996cf",
            "type": "leaf",
            "state": {
              "type": "localgraph",
              "state": {
                "file": "README.md",
                "options": {
                  "collapse-filter": false,
                  "search": "",
                  "localJumps": 1,
                  "localBacklinks": true,
                  "localForelinks": true,
                  "localInterlinks": false,
                  "showTags": false,
                  "showAttachments": false,
                  "hideUnresolved": false,
                  "collapse-color-groups": true,
                  "colorGroups": [],
                  "collapse-display": true,
                  "showArrow": false,
                  "textFadeMultiplier": 0,
                  "nodeSizeMultiplier": 1,
                  "lineSizeMultiplier": 1,
                  "collapse-forces": true,
                  "centerStrength": 0.518713248970312,
                  "repelStrength": 10,
                  "linkStrength": 1,
                  "linkDistance": 250,
                  "scale": 0.2896966020398281,
                  "close": true
                }
              },
              "icon": "lucide-git-fork",
              "title": "Gráfico de README"
            }
          }
        ]
      }
    ],
    "direction": "horizontal",
    "width": 516.5
  },
  "right": {
    "id": "3703f7d8eaeb01fd",
    "type": "split",
    "children": [
      {
        "id": "c4e9b6b7a7b97459",
        "type": "tabs",
        "dimension": 53.153153153153156,
        "children": [
          {
            "id": "72f1b9cde49a80fb",
            "type": "leaf",
            "state": {
              "type": "calendar",
              "state": {},
              "icon": "lucide-ghost",
              "title": "calendar"
            }
          },
          {
            "id": "2386ef8588c3dc8e",
            "type": "leaf",
            "state": {
              "type": "tag",
              "state": {
                "sortOrder": "frequency",
                "useHierarchy": true,
                "showSearch": false,
                "searchQuery": ""
              },
              "icon": "lucide-tags",
              "title": "Tags"
            }
          },
          {
            "id": "1ebc49deb54dd0f7",
            "type": "leaf",
            "state": {
              "type": "all-properties",
              "state": {
                "sortOrder": "frequency",
                "showSearch": false,
                "searchQuery": ""
              },
              "icon": "lucide-archive",
              "title": "All properties"
            }
          },
          {
            "id": "40be355d2ebab86f",
            "type": "leaf",
            "state": {
              "type": "file-properties",
              "state": {
                "file": "README.md"
              },
              "icon": "lucide-info",
              "title": "Propriedades do arquivo README"
            }
          }
        ]
      },
      {
        "id": "3954ea8e597c4a31",
        "type": "tabs",
        "dimension": 46.846846846846844,
        "children": [
          {
            "id": "c133cbfbc6b00289",
            "type": "leaf",
            "state": {
              "type": "backlink",
              "state": {
                "file": "+/2025-10-15-new note.md",
                "collapseAll": false,
                "extraContext": false,
                "sortOrder": "alphabetical",
                "showSearch": false,
                "searchQuery": "",
                "backlinkCollapsed": false,
                "unlinkedCollapsed": true
              },
              "icon": "links-coming-in",
              "title": "Links inversos para 2025-10-15-new note"
            }
          },
          {
            "id": "7a2141420f060740",
            "type": "leaf",
            "state": {
              "type": "outgoing-link",
              "state": {
                "file": "+/Boas Vindas 🎉.md",
                "linksCollapsed": false,
                "unlinkedCollapsed": true
              },
              "icon": "links-going-out",
              "title": "Links de saída para Boas Vindas 🎉"
            }
          }
        ],
        "currentTab": 1
      }
    ],
    "direction": "horizontal",
    "width": 363.5,
    "collapsed": true
  },
  "left-ribbon": {
    "hiddenItems": {
      "daily-notes:Abrir a nota de hoje": false,
      "graph:Abrir visualização em gráfico": false,
      "command-palette:Abrir paleta de comandos": false,
      "switcher:Abrir a troca rápida": true,
      "canvas:Criar novo canvas": true,
      "templates:Inserir modelo": true,
      "random-note:Abrir nota aleatória": true,
      "workspaces:Gerenciar leiautes da área de trabalho": true,
      "bases:Criar nova base": true,
      "callout-manager:Insert Callout": false,
      "obsidian-kanban:Criar um novo quadro": false,
      "templater-obsidian:Templater": false,
      "gridexplorer:Open grid view": false,
      "tasknotes:Open mini calendar": false,
      "tasknotes:Open advanced calendar": false,
      "tasknotes:Open task list": false,
      "tasknotes:Open notes": false,
      "tasknotes:Open agenda": false,
      "tasknotes:Open kanban board": false,
      "tasknotes:Open pomodoro": false,
      "tasknotes:Open pomodoro stats": false,
      "tasknotes:Create new task": false,
      "dashboard-navigator:Open dashboard navigator": false,
      "periodic-notes:Open today": false
    }
  },
  "active": "6204db7ad6c1b5e8",
  "lastOpenFiles": [
    "🏠.md",
    "Boas Vindas 🎉.md",
    "README.md",
    "+/2025-10-15-new note.md",
    "Markdown.md",
    "Atlas/Maps/Mapa de Gestão de Conhecimento.md",
    "Atlas/Concept/Gestão de conhecimento/Como + funciona.md",
    "Atlas/Concept/Gestão de conhecimento/Como a pasta Sistema funciona.md",
    "Atlas/Concept/Gestão de conhecimento/Propriedades.md",
    "+/Guias Práticos.md",
    "System/Assets/Atalhos.md",
    "Atlas/Concept/Gestão de conhecimento/Checklist Obsidian.md",
    "Atlas/Concept/Gestão de conhecimento/Ace 3 Espaços mentais.md",
    "System/Media/wall2.png",
    "System/Media/wall.png",
    "System/Media/Pasted image 20251009183318.png",
    "System/Media/atlas-f.png",
    "System/Media/arc-maid.png",
    "System/Media/arc-flow.png",
    "Atlas/Concept/Gestão de conhecimento/Boas Práticas de Classificação.md",
    "Atlas/Concept/Gestão de conhecimento/Arquiteto.md",
    "Atlas/Concept/Gestão de conhecimento/ARC Framework.md",
    "Atlas/Concept/Gestão de conhecimento/Adicionar.md",
    "Projects & Areas/Areas/Desenvolvimento Pessoal/Desenvolvimento Pessoal.md",
    "Projects & Areas/Projects/Projeto modelo/Projeto modelo.md",
    "Atlas/Maps/Habits Map.md",
    "Atlas/Maps/Data Science (Modelo).md",
    "Atlas/Maps/Dashboard++ (Modelo).md",
    "System/Assets/Dataview/@_Architect.md",
    "System/Assets/_Garden_Architect_tags.md",
    "Atlas/Concept/Gestão de conhecimento/Jardineiro.md",
    "Atlas",
    "Calendar & Review/TaskNotes/Tasks/new task.md",
    "Atlas/Concept/Gestão de conhecimento",
    "Atlas/Concept",
    "Atlas/Knowlegde",
    "Obsdian Base Setup .zip.zip",
    "Knowlegde.zip",
    "60 System/62 Templates/62.1 FORMAT",
    "60 System/62 Templates",
    "60 System",
    "60 System/62 Templates/62.2 SNIPPET",
    "Sem título.canvas",
    "30 Knowlegde/34 Maps &  Index/34.2 Maps/+_CANVAS_AOC.canvas",
    "30 Knowlegde/35 Recources/Ideaverse Pro 2/x/Visuals/Images/wolverine-tethered.jpg",
    "30 Knowlegde/35 Recources/Ideaverse Pro 2/x/Visuals/Images/whelan-the-wave-1994.jpg",
    "30 Knowlegde/35 Recources/Ideaverse Pro 2/x/Visuals/Images/whelan-space-station-1978-narrow.jpg",
    "30 Knowlegde/35 Recources/Ideaverse Pro 2/x/Visuals/Images/whelan-space-station-1978-mod.jpg",
    "30 Knowlegde/34 Maps &  Index/34.2 Maps/mapa-pkm.canvas",
    "30 Knowlegde/34 Maps &  Index/34.2 Maps/+_CANVAS_AOC 1.canvas",
    "30 Knowlegde/34 Maps &  Index/34.2 Maps/+_CANVAS-MENTORIA.CARLOS.canvas",
    "30 Knowlegde/34 Maps &  Index/34.2 Maps/+_CANVAS-Fluxograma-de-decisoes-de-anuncios.canvas",
    "30 Knowlegde/34 Maps &  Index/34.2 Maps/+_CANVAS-DATASCIENCE.canvas",
    "30 Knowlegde/34.2 Maps/mapa-pkm.canvas",
    "30 Knowlegde/34.2 Maps/+_CANVAS_AOC.canvas",
    "30 Knowlegde/34.2 Maps/+_CANVAS_AOC 1.canvas"
  ]
}