{
  "main": {
    "id": "2178b4b13ad8d220",
    "type": "split",
    "children": [
      {
        "id": "480113ca8d9c7463",
        "type": "tabs",
        "children": [
          {
            "id": "5dbdecade101de7c",
            "type": "leaf",
            "pinned": true,
            "state": {
              "type": "markdown",
              "state": {
                "file": "Comece Aqui 🎉.md",
                "mode": "preview",
                "source": false,
                "backlinks": false
              },
              "pinned": true,
              "icon": "lucide-file",
              "title": "Comece Aqui 🎉"
            }
          },
          {
            "id": "e857f13f3b3f005e",
            "type": "leaf",
            "pinned": true,
            "state": {
              "type": "markdown",
              "state": {
                "file": "🏠.md",
                "mode": "preview",
                "source": false,
                "backlinks": false
              },
              "pinned": true,
              "icon": "lucide-file",
              "title": "🏠"
            }
          },
          {
            "id": "5c8a382c384dab0d",
            "type": "leaf",
            "state": {
              "type": "markdown",
              "state": {
                "file": "Comece Aqui 🎉.md",
                "mode": "preview",
                "source": false,
                "backlinks": false
              },
              "icon": "lucide-file",
              "title": "Comece Aqui 🎉"
            }
          }
        ],
        "currentTab": 2
      }
    ],
    "direction": "vertical"
  },
  "left": {
    "id": "da223467db4c9158",
    "type": "split",
    "children": [
      {
        "id": "3ba83bbb7904c6a3",
        "type": "tabs",
        "children": [
          {
            "id": "b34c0f902b1265c0",
            "type": "leaf",
            "state": {
              "type": "file-explorer",
              "state": {
                "sortOrder": "alphabetical",
                "autoReveal": false
              },
              "icon": "lucide-folder-closed",
              "title": "Files"
            }
          },
          {
            "id": "c3dcb494a0674c29",
            "type": "leaf",
            "state": {
              "type": "search",
              "state": {
                "query": "",
                "matchingCase": false,
                "explainSearch": false,
                "collapseAll": false,
                "extraContext": false,
                "sortOrder": "alphabetical"
              },
              "icon": "lucide-search",
              "title": "Procurar"
            }
          },
          {
            "id": "e0f7509dece0369f",
            "type": "leaf",
            "state": {
              "type": "bookmarks",
              "state": {},
              "icon": "lucide-bookmark",
              "title": "Marcadores"
            }
          },
          {
            "id": "f7119f2528338e15",
            "type": "leaf",
            "state": {
              "type": "outline",
              "state": {
                "file": "🏠.md",
                "followCursor": false,
                "showSearch": false,
                "searchQuery": ""
              },
              "icon": "lucide-list",
              "title": "Sumário de 🏠"
            }
          }
        ]
      },
      {
        "id": "5bf066390432bfba",
        "type": "tabs",
        "children": [
          {
            "id": "f8e7e9bde23996cf",
            "type": "leaf",
            "state": {
              "type": "localgraph",
              "state": {
                "file": "Comece Aqui 🎉.md",
                "options": {
                  "collapse-filter": false,
                  "search": "",
                  "localJumps": 1,
                  "localBacklinks": true,
                  "localForelinks": true,
                  "localInterlinks": false,
                  "showTags": false,
                  "showAttachments": false,
                  "hideUnresolved": false,
                  "collapse-color-groups": true,
                  "colorGroups": [],
                  "collapse-display": true,
                  "showArrow": false,
                  "textFadeMultiplier": 0,
                  "nodeSizeMultiplier": 1,
                  "lineSizeMultiplier": 1,
                  "collapse-forces": true,
                  "centerStrength": 0.518713248970312,
                  "repelStrength": 10,
                  "linkStrength": 1,
                  "linkDistance": 250,
                  "scale": 0.45456955811720023,
                  "close": true
                }
              },
              "icon": "lucide-git-fork",
              "title": "Graph of Comece Aqui 🎉"
            }
          }
        ]
      }
    ],
    "direction": "horizontal",
    "width": 374.5
  },
  "right": {
    "id": "3703f7d8eaeb01fd",
    "type": "split",
    "children": [
      {
        "id": "c4e9b6b7a7b97459",
        "type": "tabs",
        "dimension": 53.153153153153156,
        "children": [
          {
            "id": "72f1b9cde49a80fb",
            "type": "leaf",
            "state": {
              "type": "calendar",
              "state": {},
              "icon": "lucide-ghost",
              "title": "calendar"
            }
          },
          {
            "id": "d559413d9238a91f",
            "type": "leaf",
            "state": {
              "type": "tasknotes-pomodoro-view",
              "state": {},
              "icon": "lucide-ghost",
              "title": "tasknotes-pomodoro-view"
            }
          },
          {
            "id": "2386ef8588c3dc8e",
            "type": "leaf",
            "state": {
              "type": "tag",
              "state": {
                "sortOrder": "frequency",
                "useHierarchy": true,
                "showSearch": false,
                "searchQuery": ""
              },
              "icon": "lucide-tags",
              "title": "Tags"
            }
          },
          {
            "id": "1ebc49deb54dd0f7",
            "type": "leaf",
            "state": {
              "type": "all-properties",
              "state": {
                "sortOrder": "frequency",
                "showSearch": false,
                "searchQuery": ""
              },
              "icon": "lucide-archive",
              "title": "All properties"
            }
          },
          {
            "id": "40be355d2ebab86f",
            "type": "leaf",
            "state": {
              "type": "file-properties",
              "state": {
                "file": "🏠.md"
              },
              "icon": "lucide-info",
              "title": "File properties for 🏠"
            }
          }
        ]
      },
      {
        "id": "3954ea8e597c4a31",
        "type": "tabs",
        "dimension": 46.846846846846844,
        "children": [
          {
            "id": "7a2141420f060740",
            "type": "leaf",
            "state": {
              "type": "outgoing-link",
              "state": {
                "file": "System/Assets/_Atalhos.md",
                "linksCollapsed": false,
                "unlinkedCollapsed": true
              },
              "icon": "links-going-out",
              "title": "Outgoing links from _Atalhos"
            }
          },
          {
            "id": "143b5daa1b1727ea",
            "type": "leaf",
            "state": {
              "type": "markdown",
              "state": {
                "file": "System/Assets/_Atalhos.md",
                "mode": "preview",
                "source": false,
                "backlinks": false
              },
              "icon": "lucide-file",
              "title": "_Atalhos"
            }
          }
        ],
        "currentTab": 1
      }
    ],
    "direction": "horizontal",
    "width": 354.5,
    "collapsed": true
  },
  "left-ribbon": {
    "hiddenItems": {
      "switcher:Open quick switcher": false,
      "graph:Open graph view": false,
      "canvas:Create new canvas": true,
      "daily-notes:Open today's daily note": false,
      "templates:Insert template": true,
      "command-palette:Open command palette": false,
      "random-note:Open random note": true,
      "workspaces:Manage workspace layouts": false,
      "bases:Create new base": true,
      "callout-manager:Insert Callout": false,
      "obsidian-kanban:Create new board": false,
      "periodic-notes:Open today": false,
      "templater-obsidian:Templater": false,
      "gridexplorer:Open grid view": false,
      "dashboard-navigator:Open dashboard navigator": false,
      "tasknotes:Open mini calendar": false,
      "tasknotes:Open advanced calendar": false,
      "tasknotes:Open task list": false,
      "tasknotes:Open notes": false,
      "tasknotes:Open agenda": false,
      "tasknotes:Open kanban board": false,
      "tasknotes:Open pomodoro": false,
      "tasknotes:Open pomodoro stats": false,
      "tasknotes:Create new task": false
    }
  },
  "active": "5c8a382c384dab0d",
  "lastOpenFiles": [
    "Calendar & Review.zip",
    "README.md",
    "Comece Aqui 🎉.md",
    "🏠.md",
    "System/Assets/Dataview/@_collections.md",
    "Atlas/Mapas/+ Gestão de Conhecimento.md",
    "Atlas/Conceitos/+ Entendendo o básico/markdown.md",
    "Atlas/Conceitos/+ Entendendo o básico/Entendendo Coleções.md",
    "Atlas/Conceitos/+ Entendendo o básico/Boas Práticas de Classificação.md",
    "Atlas/Conceitos/+ Entendendo o básico/+ Obsidian e PKM.md",
    "Atlas/Mapas",
    "Atlas/Mapas/++ Gestão de Conhecimento.md",
    "Atlas/Conceitos",
    "+/das.md",
    "Calendar & Review/Weekly Notes/2025-W43.md",
    "System/Assets/_Atalhos.md",
    "Calendar & Review/Monthly Notes/2025-10.md",
    "Calendar & Review/Daily Notes/2025-10-20.md",
    "System/Assets/_Garden_Architect_tags.md",
    "System/Assets/Dataview/@-templates.md",
    "System/Assets/Dataview/@_projects.md",
    "System/Assets/Dataview/@-mood-and-work-tracker.md",
    "System/Assets/Dataview/@_vault-snippets-dates.md",
    "System/Assets/Dataview/@_tasks.md",
    "System/Assets/Dataview/@_recent-created.md",
    "System/Assets/Dataview/@_modified.md",
    "System/Assets/Dataview/@_js_Charts.md",
    "System/Assets/Dataview/@_Garden.md",
    "System/Media/Media/banners/navigation-7320887_1920.jpg",
    "System/Media/Media/banners/hands-1373363_1920.jpg",
    "System/Media/Media/banners/computer-820281.jpg",
    "System/Media/Media/banners/sunrise-8290940_1920.jpg",
    "System/Media/Media/banners/smile-5128742_1920.jpg",
    "System/Media/banner pos.png",
    "System/Media/bb.png",
    "System/Collections",
    "System/Templates/Untitled",
    "Calendar & Review/Weekly Notes",
    "System/Media/wall2.png",
    "System/Media/wall.png",
    "System/Media/Pasted image 20251009183318.png",
    "Atlas",
    "Atlas/Concept/Gestão de conhecimento",
    "Atlas/Concept",
    "Atlas/Knowlegde",
    "Obsdian Base Setup .zip.zip",
    "Sem título.canvas",
    "30 Knowlegde/34 Maps &  Index/34.2 Maps/+_CANVAS_AOC.canvas",
    "30 Knowlegde/34 Maps &  Index/34.2 Maps/mapa-pkm.canvas",
    "30 Knowlegde/34 Maps &  Index/34.2 Maps/+_CANVAS_AOC 1.canvas",
    "30 Knowlegde/34 Maps &  Index/34.2 Maps/+_CANVAS-MENTORIA.CARLOS.canvas",
    "30 Knowlegde/34 Maps &  Index/34.2 Maps/+_CANVAS-Fluxograma-de-decisoes-de-anuncios.canvas",
    "30 Knowlegde/34 Maps &  Index/34.2 Maps/+_CANVAS-DATASCIENCE.canvas",
    "30 Knowlegde/34.2 Maps/mapa-pkm.canvas",
    "30 Knowlegde/34.2 Maps/+_CANVAS_AOC.canvas",
    "30 Knowlegde/34.2 Maps/+_CANVAS_AOC 1.canvas"
  ]
}