{
  "workspaces": {
    "home": {
      "main": {
        "id": "2178b4b13ad8d220",
        "type": "split",
        "children": [
          {
            "id": "480113ca8d9c7463",
            "type": "tabs",
            "children": [
              {
                "id": "e857f13f3b3f005e",
                "type": "leaf",
                "state": {
                  "type": "markdown",
                  "state": {
                    "file": "🏠.md",
                    "mode": "preview",
                    "source": false,
                    "backlinks": true,
                    "backlinkOpts": {
                      "collapseAll": false,
                      "extraContext": false,
                      "sortOrder": "alphabetical",
                      "showSearch": false,
                      "searchQuery": "",
                      "backlinkCollapsed": false,
                      "unlinkedCollapsed": true
                    }
                  },
                  "icon": "lucide-file",
                  "title": "🏠"
                }
              },
              {
                "id": "c0426f176514debb",
                "type": "leaf",
                "state": {
                  "type": "markdown",
                  "state": {
                    "file": "System/Assets/61.1 Dataview/@_Garden.md",
                    "mode": "source",
                    "source": false,
                    "backlinks": true,
                    "backlinkOpts": {
                      "collapseAll": false,
                      "extraContext": false,
                      "sortOrder": "alphabetical",
                      "showSearch": false,
                      "searchQuery": "",
                      "backlinkCollapsed": false,
                      "unlinkedCollapsed": true
                    }
                  },
                  "icon": "lucide-file",
                  "title": "@_Garden"
                }
              },
              {
                "id": "6204db7ad6c1b5e8",
                "type": "leaf",
                "state": {
                  "type": "markdown",
                  "state": {
                    "file": "System/Assets/61.1 Dataview/@_Efforts.md",
                    "mode": "source",
                    "source": false,
                    "backlinks": true,
                    "backlinkOpts": {
                      "collapseAll": false,
                      "extraContext": false,
                      "sortOrder": "alphabetical",
                      "showSearch": false,
                      "searchQuery": "",
                      "backlinkCollapsed": false,
                      "unlinkedCollapsed": true
                    }
                  },
                  "icon": "lucide-file",
                  "title": "@_Efforts"
                }
              },
              {
                "id": "6f87e89701eb4b52",
                "type": "leaf",
                "state": {
                  "type": "grid-view",
                  "state": {
                    "type": "grid-view",
                    "state": {
                      "sourceMode": "folder",
                      "sourcePath": "/",
                      "baseSortType": "mtime-desc",
                      "sortType": "mtime-desc",
                      "searchQuery": "#garden/seed",
                      "searchCurrentLocationOnly": false,
                      "searchFilesNameOnly": false,
                      "searchMediaFiles": false,
                      "includeMedia": false,
                      "minMode": false,
                      "showIgnoredFolders": false,
                      "baseCardLayout": "horizontal",
                      "cardLayout": "horizontal",
                      "hideHeaderElements": false,
                      "showDateDividers": false,
                      "showNoteTags": false,
                      "recentSources": [],
                      "futureSources": []
                    }
                  },
                  "icon": "lucide-ghost",
                  "title": "grid-view"
                }
              }
            ]
          }
        ],
        "direction": "vertical"
      },
      "left": {
        "id": "da223467db4c9158",
        "type": "split",
        "children": [
          {
            "id": "3ba83bbb7904c6a3",
            "type": "tabs",
            "children": [
              {
                "id": "b34c0f902b1265c0",
                "type": "leaf",
                "state": {
                  "type": "file-explorer",
                  "state": {
                    "sortOrder": "alphabetical",
                    "autoReveal": false
                  },
                  "icon": "lucide-folder-closed",
                  "title": "Explorador de arquivos"
                }
              },
              {
                "id": "c3dcb494a0674c29",
                "type": "leaf",
                "state": {
                  "type": "search",
                  "state": {
                    "query": "",
                    "matchingCase": false,
                    "explainSearch": false,
                    "collapseAll": false,
                    "extraContext": false,
                    "sortOrder": "alphabetical"
                  },
                  "icon": "lucide-search",
                  "title": "Procurar"
                }
              },
              {
                "id": "e0f7509dece0369f",
                "type": "leaf",
                "state": {
                  "type": "bookmarks",
                  "state": {},
                  "icon": "lucide-bookmark",
                  "title": "Marcadores"
                }
              },
              {
                "id": "f7119f2528338e15",
                "type": "leaf",
                "state": {
                  "type": "outline",
                  "state": {
                    "file": "🏠.md",
                    "followCursor": false,
                    "showSearch": false,
                    "searchQuery": ""
                  },
                  "icon": "lucide-list",
                  "title": "Sumário de 🏠"
                }
              }
            ]
          },
          {
            "id": "5bf066390432bfba",
            "type": "tabs",
            "children": [
              {
                "id": "f8e7e9bde23996cf",
                "type": "leaf",
                "state": {
                  "type": "localgraph",
                  "state": {
                    "file": "🏠.md",
                    "options": {
                      "collapse-filter": false,
                      "search": "",
                      "localJumps": 1,
                      "localBacklinks": true,
                      "localForelinks": true,
                      "localInterlinks": false,
                      "showTags": false,
                      "showAttachments": false,
                      "hideUnresolved": false,
                      "collapse-color-groups": true,
                      "colorGroups": [],
                      "collapse-display": true,
                      "showArrow": false,
                      "textFadeMultiplier": 0,
                      "nodeSizeMultiplier": 1,
                      "lineSizeMultiplier": 1,
                      "collapse-forces": true,
                      "centerStrength": 0.518713248970312,
                      "repelStrength": 10,
                      "linkStrength": 1,
                      "linkDistance": 250,
                      "scale": 0.45456955811720023,
                      "close": true
                    }
                  },
                  "icon": "lucide-git-fork",
                  "title": "Gráfico de 🏠"
                }
              }
            ]
          }
        ],
        "direction": "horizontal",
        "width": 423.5124969482422
      },
      "right": {
        "id": "3703f7d8eaeb01fd",
        "type": "split",
        "children": [
          {
            "id": "c4e9b6b7a7b97459",
            "type": "tabs",
            "dimension": 53.153153153153156,
            "children": [
              {
                "id": "72f1b9cde49a80fb",
                "type": "leaf",
                "state": {
                  "type": "calendar",
                  "state": {},
                  "icon": "calendar-with-checkmark",
                  "title": "Calendar"
                }
              },
              {
                "id": "d559413d9238a91f",
                "type": "leaf",
                "state": {
                  "type": "tasknotes-pomodoro-view",
                  "state": {},
                  "icon": "clock",
                  "title": "Pomodoro"
                }
              },
              {
                "id": "2386ef8588c3dc8e",
                "type": "leaf",
                "state": {
                  "type": "tag",
                  "state": {
                    "sortOrder": "frequency",
                    "useHierarchy": true,
                    "showSearch": false,
                    "searchQuery": ""
                  },
                  "icon": "lucide-tags",
                  "title": "Tags"
                }
              },
              {
                "id": "1ebc49deb54dd0f7",
                "type": "leaf",
                "state": {
                  "type": "all-properties",
                  "state": {
                    "sortOrder": "frequency",
                    "showSearch": false,
                    "searchQuery": ""
                  },
                  "icon": "lucide-archive",
                  "title": "All properties"
                }
              },
              {
                "id": "40be355d2ebab86f",
                "type": "leaf",
                "state": {
                  "type": "file-properties",
                  "state": {
                    "file": "🏠.md"
                  },
                  "icon": "lucide-info",
                  "title": "Propriedades do arquivo 🏠"
                }
              }
            ]
          },
          {
            "id": "3954ea8e597c4a31",
            "type": "tabs",
            "dimension": 46.846846846846844,
            "children": [
              {
                "id": "c133cbfbc6b00289",
                "type": "leaf",
                "state": {
                  "type": "backlink",
                  "state": {
                    "file": "+/2025-10-15-new note.md",
                    "collapseAll": false,
                    "extraContext": false,
                    "sortOrder": "alphabetical",
                    "showSearch": false,
                    "searchQuery": "",
                    "backlinkCollapsed": false,
                    "unlinkedCollapsed": true
                  },
                  "icon": "links-coming-in",
                  "title": "Links inversos para 2025-10-15-new note"
                }
              },
              {
                "id": "7a2141420f060740",
                "type": "leaf",
                "state": {
                  "type": "outgoing-link",
                  "state": {
                    "file": "🏠.md",
                    "linksCollapsed": false,
                    "unlinkedCollapsed": true
                  },
                  "icon": "links-going-out",
                  "title": "Links de saída para 🏠"
                }
              }
            ],
            "currentTab": 1
          }
        ],
        "direction": "horizontal",
        "width": 355.5
      },
      "left-ribbon": {
        "hiddenItems": {
          "daily-notes:Abrir a nota de hoje": false,
          "graph:Abrir visualização em gráfico": false,
          "command-palette:Abrir paleta de comandos": false,
          "switcher:Abrir a troca rápida": true,
          "canvas:Criar novo canvas": true,
          "templates:Inserir modelo": true,
          "random-note:Abrir nota aleatória": true,
          "workspaces:Gerenciar leiautes da área de trabalho": true,
          "bases:Criar nova base": true,
          "callout-manager:Insert Callout": false,
          "obsidian-kanban:Criar um novo quadro": false,
          "periodic-notes:Open today": false,
          "templater-obsidian:Templater": false,
          "gridexplorer:Open grid view": false,
          "tasknotes:Open mini calendar": false,
          "tasknotes:Open advanced calendar": false,
          "tasknotes:Open task list": false,
          "tasknotes:Open notes": false,
          "tasknotes:Open agenda": false,
          "tasknotes:Open kanban board": false,
          "tasknotes:Open pomodoro": false,
          "tasknotes:Open pomodoro stats": false,
          "tasknotes:Create new task": false,
          "dashboard-navigator:Open dashboard navigator": false,
          "widgets:Add widget": false
        }
      },
      "active": "72f1b9cde49a80fb",
      "mtime": "2025-10-15T21:37:19-03:00"
    }
  },
  "active": "home"
}